Id,NAME,ADDRESS,CITY,STATE_HEADQUARTERED,ZIP,PHONE
B3221CFC-24FB-339E-823D-BC4136CBC4ED,DUAL ELIGIBLE,7500 SECURITY BLVD,BALTIMORE,MD,21244.0,1-877-267-2323
7CAA7254-5050-3B5E-9EAE-BD5EA30E809C,MEDICARE,7500 SECURITY BLVD,BALTIMORE,MD,21244.0,1-800-633-4227
7C4411CE-02F1-39B5-B9EC-DFBEA9AD3C1A,MEDICAID,7500 SECURITY BLVD,BALTIMORE,MD,21244.0,1-877-267-2323
D47B3510-2895-3B70-9897-342D681C769D,HUMANA,500 WEST MAIN ST,LOUISVILLE,KY,40018.0,1-844-330-7799
6E2F1A2D-27BD-3701-8D08-DAE202C58632,BLUE CROSS BLUE SHIELD,MICHIGAN PLAZA,CHICAGO,IL,60007.0,1-800-262-2583
5059A55E-5D6E-34D1-B6CB-D83D16E57BCF,UNITEDHEALTHCARE,9800 HEALTHCARE LANE,MINNETONKA,MN,55436.0,1-888-545-5205
4D71F845-A6A9-3C39-B242-14D25EF86A8D,AETNA,151 FARMINGTON AVE,HARTFORD,CT,6156.0,1-800-872-3862
047F6EC3-6215-35EB-9608-F9DDA363A44C,CIGNA HEALTH,900 COTTAGE GROVE RD,BLOOMFIELD,CT,6002.0,1-800-997-1654
42C4FCA7-F8A9-3CD1-982A-DD9751BF3E2A,ANTHEM,220 VIRGINIA AVE,INDIANAPOLIS,IN,46204.0,1-800-331-1476
B1C428D6-4F07-31E0-90F0-68FFA6FF8C76,NO_INSURANCE,VALUE NOT PROVIDED,VALUE NOT PROVIDED,VALUE NOT PROVIDED,0.0,VALUE NOT PROVIDED
